{
    "images": [
        {
            "height": 3024,
            "width": 4032,
            "id": 0,
            "file_name": "007.jpeg"
        },
        {
            "height": 3024,
            "width": 4032,
            "id": 1,
            "file_name": "010.jpeg"
        },
        {
            "height": 3024,
            "width": 4032,
            "id": 2,
            "file_name": "006.jpeg"
        },
        {
            "height": 3024,
            "width": 4032,
            "id": 3,
            "file_name": "001.jpeg"
        },
        {
            "height": 4032,
            "width": 3024,
            "id": 4,
            "file_name": "003.jpeg"
        },
        {
            "height": 4032,
            "width": 3024,
            "id": 5,
            "file_name": "002.jpeg"
        },
        {
            "height": 3024,
            "width": 4032,
            "id": 6,
            "file_name": "005.jpeg"
        },
        {
            "height": 1080,
            "width": 1440,
            "id": 7,
            "file_name": "009.jpeg"
        },
        {
            "height": 3024,
            "width": 4032,
            "id": 8,
            "file_name": "008.jpeg"
        },
        {
            "height": 3024,
            "width": 4032,
            "id": 9,
            "file_name": "004.jpeg"
        }
    ],
    "categories": [
        {
            "supercategory": "button",
            "id": 0,
            "name": "button"
        },
        {
            "supercategory": "capacitor",
            "id": 1,
            "name": "capacitor"
        },
        {
            "supercategory": "ceramic",
            "id": 2,
            "name": "ceramic"
        },
        {
            "supercategory": "led",
            "id": 3,
            "name": "led"
        },
        {
            "supercategory": "resistance",
            "id": 4,
            "name": "resistance"
        }
    ],
    "annotations": [
        {
            "segmentation": [
                [
                    1022.0,
                    958.0,
                    1392.0,
                    1248.0
                ]
            ],
            "iscrowd": 0,
            "area": 0.0,
            "image_id": 0,
            "bbox": [
                1022.0,
                958.0,
                370.0,
                290.0
            ],
            "category_id": 3,
            "id": 1
        },
        {
            "segmentation": [
                [
                    2722.0,
                    758.0,
                    3162.0,
                    1148.0
                ]
            ],
            "iscrowd": 0,
            "area": 0.0,
            "image_id": 0,
            "bbox": [
                2722.0,
                758.0,
                440.0,
                390.0
            ],
            "category_id": 1,
            "id": 2
        },
        {
            "segmentation": [
                [
                    2012.0,
                    1628.0,
                    2352.0,
                    1988.0
                ]
            ],
            "iscrowd": 0,
            "area": 0.0,
            "image_id": 0,
            "bbox": [
                2012.0,
                1628.0,
                340.0,
                360.0
            ],
            "category_id": 0,
            "id": 3
        },
        {
            "segmentation": [
                [
                    992.0,
                    1008.0,
                    1462.0,
                    1358.0
                ]
            ],
            "iscrowd": 0,
            "area": 0.0,
            "image_id": 1,
            "bbox": [
                992.0,
                1008.0,
                470.0,
                350.0
            ],
            "category_id": 0,
            "id": 4
        },
        {
            "segmentation": [
                [
                    752.0,
                    1718.0,
                    1282.0,
                    1948.0
                ]
            ],
            "iscrowd": 0,
            "area": 0.0,
            "image_id": 1,
            "bbox": [
                752.0,
                1718.0,
                530.0,
                230.0
            ],
            "category_id": 4,
            "id": 5
        },
        {
            "segmentation": [
                [
                    1392.0,
                    1818.0,
                    1672.0,
                    2108.0
                ]
            ],
            "iscrowd": 0,
            "area": 0.0,
            "image_id": 1,
            "bbox": [
                1392.0,
                1818.0,
                280.0,
                290.0
            ],
            "category_id": 2,
            "id": 6
        },
        {
            "segmentation": [
                [
                    2132.0,
                    1628.0,
                    2572.0,
                    2038.0
                ]
            ],
            "iscrowd": 0,
            "area": 0.0,
            "image_id": 1,
            "bbox": [
                2132.0,
                1628.0,
                440.0,
                410.0
            ],
            "category_id": 1,
            "id": 7
        },
        {
            "segmentation": [
                [
                    2352.0,
                    2058.0,
                    2702.0,
                    2328.0
                ]
            ],
            "iscrowd": 0,
            "area": 0.0,
            "image_id": 1,
            "bbox": [
                2352.0,
                2058.0,
                350.0,
                270.0
            ],
            "category_id": 0,
            "id": 8
        },
        {
            "segmentation": [
                [
                    1012.0,
                    888.0,
                    1452.0,
                    1228.0
                ]
            ],
            "iscrowd": 0,
            "area": 0.0,
            "image_id": 2,
            "bbox": [
                1012.0,
                888.0,
                440.0,
                340.0
            ],
            "category_id": 0,
            "id": 9
        },
        {
            "segmentation": [
                [
                    2102.0,
                    898.0,
                    2502.0,
                    1298.0
                ]
            ],
            "iscrowd": 0,
            "area": 0.0,
            "image_id": 2,
            "bbox": [
                2102.0,
                898.0,
                400.0,
                400.0
            ],
            "category_id": 0,
            "id": 10
        },
        {
            "segmentation": [
                [
                    1562.0,
                    858.0,
                    1922.0,
                    1208.0
                ]
            ],
            "iscrowd": 0,
            "area": 0.0,
            "image_id": 2,
            "bbox": [
                1562.0,
                858.0,
                360.0,
                350.0
            ],
            "category_id": 3,
            "id": 11
        },
        {
            "segmentation": [
                [
                    2632.0,
                    868.0,
                    3282.0,
                    1048.0
                ]
            ],
            "iscrowd": 0,
            "area": 0.0,
            "image_id": 2,
            "bbox": [
                2632.0,
                868.0,
                650.0,
                180.0
            ],
            "category_id": 4,
            "id": 12
        },
        {
            "segmentation": [
                [
                    1952.0,
                    1798.0,
                    2512.0,
                    1938.0
                ]
            ],
            "iscrowd": 0,
            "area": 0.0,
            "image_id": 2,
            "bbox": [
                1952.0,
                1798.0,
                560.0,
                140.0
            ],
            "category_id": 4,
            "id": 13
        },
        {
            "segmentation": [
                [
                    3032.0,
                    1578.0,
                    3562.0,
                    2068.0
                ]
            ],
            "iscrowd": 0,
            "area": 0.0,
            "image_id": 2,
            "bbox": [
                3032.0,
                1578.0,
                530.0,
                490.0
            ],
            "category_id": 1,
            "id": 14
        },
        {
            "segmentation": [
                [
                    1402.0,
                    1668.0,
                    1802.0,
                    1998.0
                ]
            ],
            "iscrowd": 0,
            "area": 0.0,
            "image_id": 2,
            "bbox": [
                1402.0,
                1668.0,
                400.0,
                330.0
            ],
            "category_id": 2,
            "id": 15
        },
        {
            "segmentation": [
                [
                    1902.0,
                    968.0,
                    2192.0,
                    1228.0
                ]
            ],
            "iscrowd": 0,
            "area": 0.0,
            "image_id": 3,
            "bbox": [
                1902.0,
                968.0,
                290.0,
                260.0
            ],
            "category_id": 0,
            "id": 16
        },
        {
            "segmentation": [
                [
                    2472.0,
                    1528.0,
                    2722.0,
                    1768.0
                ]
            ],
            "iscrowd": 0,
            "area": 0.0,
            "image_id": 3,
            "bbox": [
                2472.0,
                1528.0,
                250.0,
                240.0
            ],
            "category_id": 3,
            "id": 17
        },
        {
            "segmentation": [
                [
                    1352.0,
                    1748.0,
                    1792.0,
                    1918.0
                ]
            ],
            "iscrowd": 0,
            "area": 0.0,
            "image_id": 3,
            "bbox": [
                1352.0,
                1748.0,
                440.0,
                170.0
            ],
            "category_id": 4,
            "id": 18
        },
        {
            "segmentation": [
                [
                    1753.0,
                    666.0,
                    2062.090909090909,
                    1011.4545454545455
                ]
            ],
            "iscrowd": 0,
            "area": 0.0,
            "image_id": 4,
            "bbox": [
                1753.0,
                666.0,
                309.0,
                345.0
            ],
            "category_id": 0,
            "id": 19
        },
        {
            "segmentation": [
                [
                    934.8181818181818,
                    2029.6363636363635,
                    1207.5454545454545,
                    2338.7272727272725
                ]
            ],
            "iscrowd": 0,
            "area": 0.0,
            "image_id": 4,
            "bbox": [
                934.0,
                2029.0,
                273.0,
                309.0
            ],
            "category_id": 0,
            "id": 20
        },
        {
            "segmentation": [
                [
                    1480.2727272727273,
                    1393.2727272727273,
                    1834.818181818182,
                    1756.909090909091
                ]
            ],
            "iscrowd": 0,
            "area": 0.0,
            "image_id": 4,
            "bbox": [
                1480.0,
                1393.0,
                354.0,
                363.0
            ],
            "category_id": 3,
            "id": 21
        },
        {
            "segmentation": [
                [
                    1743.909090909091,
                    2429.6363636363635,
                    1998.4545454545455,
                    2911.4545454545455
                ]
            ],
            "iscrowd": 0,
            "area": 0.0,
            "image_id": 4,
            "bbox": [
                1743.0,
                2429.0,
                255.0,
                482.0
            ],
            "category_id": 4,
            "id": 22
        },
        {
            "segmentation": [
                [
                    1225.7272727272727,
                    1966.0,
                    1553.0,
                    2256.909090909091
                ]
            ],
            "iscrowd": 0,
            "area": 0.0,
            "image_id": 5,
            "bbox": [
                1225.0,
                1966.0,
                328.0,
                290.0
            ],
            "category_id": 0,
            "id": 23
        },
        {
            "segmentation": [
                [
                    1580.2727272727273,
                    2320.5454545454545,
                    1889.3636363636365,
                    2693.2727272727275
                ]
            ],
            "iscrowd": 0,
            "area": 0.0,
            "image_id": 5,
            "bbox": [
                1580.0,
                2320.0,
                309.0,
                373.0
            ],
            "category_id": 1,
            "id": 24
        },
        {
            "segmentation": [
                [
                    771.1818181818182,
                    1729.6363636363637,
                    980.2727272727273,
                    2266.0
                ]
            ],
            "iscrowd": 0,
            "area": 0.0,
            "image_id": 5,
            "bbox": [
                771.0,
                1729.0,
                209.0,
                537.0
            ],
            "category_id": 4,
            "id": 25
        },
        {
            "segmentation": [
                [
                    962.0,
                    888.0,
                    1432.0,
                    1318.0
                ]
            ],
            "iscrowd": 0,
            "area": 0.0,
            "image_id": 6,
            "bbox": [
                962.0,
                888.0,
                470.0,
                430.0
            ],
            "category_id": 0,
            "id": 26
        },
        {
            "segmentation": [
                [
                    2132.0,
                    968.0,
                    2522.0,
                    1358.0
                ]
            ],
            "iscrowd": 0,
            "area": 0.0,
            "image_id": 6,
            "bbox": [
                2132.0,
                968.0,
                390.0,
                390.0
            ],
            "category_id": 0,
            "id": 27
        },
        {
            "segmentation": [
                [
                    2682.0,
                    908.0,
                    3352.0,
                    1108.0
                ]
            ],
            "iscrowd": 0,
            "area": 0.0,
            "image_id": 6,
            "bbox": [
                2682.0,
                908.0,
                670.0,
                200.0
            ],
            "category_id": 4,
            "id": 28
        },
        {
            "segmentation": [
                [
                    1122.0,
                    1808.0,
                    1682.0,
                    1958.0
                ]
            ],
            "iscrowd": 0,
            "area": 0.0,
            "image_id": 6,
            "bbox": [
                1122.0,
                1808.0,
                560.0,
                150.0
            ],
            "category_id": 4,
            "id": 29
        },
        {
            "segmentation": [
                [
                    2332.0,
                    1578.0,
                    2812.0,
                    1918.0
                ]
            ],
            "iscrowd": 0,
            "area": 0.0,
            "image_id": 6,
            "bbox": [
                2332.0,
                1578.0,
                480.0,
                340.0
            ],
            "category_id": 3,
            "id": 30
        },
        {
            "segmentation": [
                [
                    335.62068965517244,
                    297.41379310344837,
                    508.0344827586207,
                    452.58620689655174
                ]
            ],
            "iscrowd": 0,
            "area": 0.0,
            "image_id": 7,
            "bbox": [
                335.0,
                297.0,
                173.0,
                155.0
            ],
            "category_id": 0,
            "id": 31
        },
        {
            "segmentation": [
                [
                    232.17241379310346,
                    618.1034482758621,
                    445.96551724137936,
                    690.5172413793105
                ]
            ],
            "iscrowd": 0,
            "area": 0.0,
            "image_id": 7,
            "bbox": [
                232.0,
                618.0,
                213.0,
                72.0
            ],
            "category_id": 4,
            "id": 32
        },
        {
            "segmentation": [
                [
                    828.7241379310345,
                    559.4827586206898,
                    1001.1379310344828,
                    697.4137931034484
                ]
            ],
            "iscrowd": 0,
            "area": 0.0,
            "image_id": 7,
            "bbox": [
                828.0,
                559.0,
                173.0,
                138.0
            ],
            "category_id": 1,
            "id": 33
        },
        {
            "segmentation": [
                [
                    608.0344827586207,
                    549.1379310344828,
                    745.9655172413794,
                    711.2068965517242
                ]
            ],
            "iscrowd": 0,
            "area": 0.0,
            "image_id": 7,
            "bbox": [
                608.0,
                549.0,
                137.0,
                162.0
            ],
            "category_id": 2,
            "id": 34
        },
        {
            "segmentation": [
                [
                    880.4482758620691,
                    728.4482758620691,
                    1035.6206896551726,
                    862.9310344827586
                ]
            ],
            "iscrowd": 0,
            "area": 0.0,
            "image_id": 7,
            "bbox": [
                880.0,
                728.0,
                155.0,
                134.0
            ],
            "category_id": 0,
            "id": 35
        },
        {
            "segmentation": [
                [
                    1214.9310344827586,
                    618.1034482758621,
                    1359.7586206896553,
                    759.4827586206898
                ]
            ],
            "iscrowd": 0,
            "area": 0.0,
            "image_id": 7,
            "bbox": [
                1214.0,
                618.0,
                145.0,
                141.0
            ],
            "category_id": 3,
            "id": 36
        },
        {
            "segmentation": [
                [
                    902.0,
                    918.0,
                    1322.0,
                    1218.0
                ]
            ],
            "iscrowd": 0,
            "area": 0.0,
            "image_id": 8,
            "bbox": [
                902.0,
                918.0,
                420.0,
                300.0
            ],
            "category_id": 3,
            "id": 37
        },
        {
            "segmentation": [
                [
                    2672.0,
                    588.0,
                    3242.0,
                    1138.0
                ]
            ],
            "iscrowd": 0,
            "area": 0.0,
            "image_id": 8,
            "bbox": [
                2672.0,
                588.0,
                570.0,
                550.0
            ],
            "category_id": 1,
            "id": 38
        },
        {
            "segmentation": [
                [
                    1992.0,
                    1628.0,
                    2352.0,
                    1998.0
                ]
            ],
            "iscrowd": 0,
            "area": 0.0,
            "image_id": 8,
            "bbox": [
                1992.0,
                1628.0,
                360.0,
                370.0
            ],
            "category_id": 0,
            "id": 39
        },
        {
            "segmentation": [
                [
                    3322.0,
                    1048.0,
                    3552.0,
                    1718.0
                ]
            ],
            "iscrowd": 0,
            "area": 0.0,
            "image_id": 8,
            "bbox": [
                3322.0,
                1048.0,
                230.0,
                670.0
            ],
            "category_id": 4,
            "id": 40
        },
        {
            "segmentation": [
                [
                    1692.0,
                    718.0,
                    2182.0,
                    1158.0
                ]
            ],
            "iscrowd": 0,
            "area": 0.0,
            "image_id": 9,
            "bbox": [
                1692.0,
                718.0,
                490.0,
                440.0
            ],
            "category_id": 0,
            "id": 41
        },
        {
            "segmentation": [
                [
                    2652.0,
                    858.0,
                    3292.0,
                    1048.0
                ]
            ],
            "iscrowd": 0,
            "area": 0.0,
            "image_id": 9,
            "bbox": [
                2652.0,
                858.0,
                640.0,
                190.0
            ],
            "category_id": 4,
            "id": 42
        },
        {
            "segmentation": [
                [
                    2412.0,
                    1418.0,
                    2782.0,
                    1758.0
                ]
            ],
            "iscrowd": 0,
            "area": 0.0,
            "image_id": 9,
            "bbox": [
                2412.0,
                1418.0,
                370.0,
                340.0
            ],
            "category_id": 3,
            "id": 43
        },
        {
            "segmentation": [
                [
                    1092.0,
                    1738.0,
                    1652.0,
                    1938.0
                ]
            ],
            "iscrowd": 0,
            "area": 0.0,
            "image_id": 9,
            "bbox": [
                1092.0,
                1738.0,
                560.0,
                200.0
            ],
            "category_id": 4,
            "id": 44
        },
        {
            "segmentation": [
                [
                    3192.0,
                    1688.0,
                    3632.0,
                    2088.0
                ]
            ],
            "iscrowd": 0,
            "area": 0.0,
            "image_id": 9,
            "bbox": [
                3192.0,
                1688.0,
                440.0,
                400.0
            ],
            "category_id": 0,
            "id": 45
        }
    ]
}